{"stats":{"minecraft:crafted":{"minecraft:oak_door":3,"minecraft:oak_planks":36,"minecraft:crafting_table":1,"minecraft:furnace":1,"minecraft:jungle_planks":76,"minecraft:stick":4},"minecraft:mined":{"minecraft:sandstone_slab":1,"duneons:ashblock":1,"minecraft:jungle_leaves":3,"minecraft:grass_block":3,"minecraft:melon":9,"duneons:goldtrabdoor":1,"minecraft:jungle_log":20,"duneons:crystalblue":1,"minecraft:copper_ore":2,"minecraft:tall_grass":1,"duneons:azure_crystal":1,"minecraft:sandstone":1,"duneons:charredgrassblock":2,"minecraft:grass":12,"minecraft:oak_log":9,"minecraft:vine":2,"minecraft:stone":21,"minecraft:oak_leaves":9},"minecraft:used":{"epicfight:skillbook":11,"minecraft:stone_pickaxe":29,"minecraft:oak_planks":9,"zombie_extreme:vodka":1,"minecraft:oak_door":1,"minecraft:torch":3,"minecraft:dirt":18,"minecraft:crafting_table":3,"duneons:mountaineeraxeiron":8,"minecraft:melon_slice":2,"minecraft:bread":20,"duneons:crystalblue":1,"marbledsarsenal:black_juggernaut_armor_chestplate":1,"zombie_extreme:syringe_drug":1,"epicfight:stone_greatsword":40,"zombie_extreme:baseball_bat":16,"minecraft:stone_axe":69,"minecraft:cobblestone":2,"minecraft:furnace":1,"minecraft:white_banner":1},"minecraft:picked_up":{"duneons:crystalblue":4,"minecraft:cocoa_beans":6,"zombie_extreme:frying_pan":1,"born_in_chaos_v1:corpse_maggot":2,"minecraft:crafting_table":3,"minecraft:sandstone_slab":2,"minecraft:jungle_log":20,"minecraft:black_bed":3,"zombie_extreme:baseball_bat":2,"minecraft:oak_log":9,"minecraft:gunpowder":10,"minecraft:string":2,"minecraft:dirt":21,"minecraft:red_bed":1,"duneons:ashblock":1,"minecraft:white_banner":2,"minecraft:raw_copper":7,"duneons:charredgrassblock":2,"minecraft:bone":7,"minecraft:wheat_seeds":2,"marbledsarsenal:black_juggernaut_armor_chestplate":3,"pointblank:ammo9mm":770,"minecraft:iron_ingot":2,"minecraft:stone_pickaxe":3,"duneons:mountaineeraxeiron":9,"minecraft:melon_slice":34,"minecraft:oak_planks":27,"minecraft:stick":4,"minecraft:raw_iron":5,"zombie_extreme:syringe_drug":1,"minecraft:sandstone":2,"minecraft:oak_door":5,"epicfight:stone_greatsword":2,"duneons:goldtrabdoor":1,"minecraft:torch":3,"born_in_chaos_v1:ethereal_spirit":2,"epicfight:skillbook":14,"pointblank:gunmetal_nugget":209,"born_in_chaos_v1:dark_rod":2,"duneons:sanctumstonepatternedgildedtop":1,"zombie_extreme:vodka":3,"minecraft:arrow":3,"minecraft:rotten_flesh":17,"minecraft:stone_axe":3,"zombie_extreme:rotten_apple":1,"pointblank:mp5":4,"minecraft:emerald":9,"minecraft:bread":143,"minecraft:cobblestone":48},"minecraft:killed_by":{"minecraft:player":1,"minecraft:spider":1,"zombie_extreme:assasin_black_ops":1,"zombie_extreme:goon":1},"minecraft:killed":{"minecraft:husk":2,"minecraft:creeper":2,"duneons:mountaineer":10,"born_in_chaos_v1:decrepit_skeleton":1,"minecraft:skeleton":1,"minecraft:pillager":2,"minecraft:zombie":3,"zombie_extreme:ram":1,"zombie_extreme:infected_police":1,"minecraft:enderman":1},"minecraft:dropped":{"minecraft:iron_ingot":1,"minecraft:bread":64,"minecraft:raw_iron":5,"minecraft:sandstone_slab":1,"minecraft:rotten_flesh":9,"minecraft:black_bed":1,"pointblank:ammo9mm":224,"pointblank:mp5":1,"minecraft:emerald":8,"minecraft:red_bed":1,"born_in_chaos_v1:corpse_maggot":1,"minecraft:sandstone":1,"zombie_extreme:vodka":1,"epicfight:skillbook":2,"minecraft:bone":2},"minecraft:custom":{"minecraft:interact_with_furnace":7,"minecraft:mob_kills":24,"minecraft:interact_with_crafting_table":7,"minecraft:raid_trigger":1,"minecraft:leave_game":1,"minecraft:time_since_death":18188,"minecraft:damage_resisted":28,"minecraft:climb_one_cm":4440,"minecraft:time_since_rest":18245,"minecraft:sprint_one_cm":212818,"minecraft:damage_taken":1787,"minecraft:walk_one_cm":220863,"minecraft:drop":19,"minecraft:damage_dealt":3672,"minecraft:swim_one_cm":14344,"minecraft:fly_one_cm":335894,"minecraft:player_kills":2,"minecraft:open_chest":20,"minecraft:crouch_one_cm":361,"minecraft:play_time":42188,"minecraft:deaths":4,"minecraft:sneak_time":237,"minecraft:walk_under_water_one_cm":417,"minecraft:jump":1070,"minecraft:walk_on_water_one_cm":21929,"minecraft:total_world_time":42188,"minecraft:fall_one_cm":28977}},"DataVersion":3465}