{"stats":{"minecraft:mined":{"duneons:swampdirt":1,"duneons:ashblock":1,"minecraft:jungle_leaves":3,"duneons:charredstone":1,"minecraft:lever":2,"minecraft:acacia_log":3,"duneons:swampfern":1,"minecraft:grass_block":8,"minecraft:jungle_planks":4,"duneons:goldtrabdoor":1,"minecraft:jungle_log":20,"minecraft:sandstone":21,"minecraft:sandstone_stairs":1,"duneons:charredgrassblock":2,"minecraft:iron_ore":2,"zombie_extreme:oil_shale_sand":1,"minecraft:vine":2,"minecraft:stone":116,"minecraft:tripwire":1,"minecraft:sandstone_slab":1,"duneons:swampgrassside":1,"duneons:soggyswamobricks":10,"minecraft:cut_sandstone":2,"minecraft:acacia_leaves":6,"minecraft:crafting_table":1,"minecraft:torch":5,"minecraft:melon":9,"minecraft:dead_bush":2,"minecraft:cobblestone":5,"duneons:crystalblue":1,"minecraft:tall_grass":7,"minecraft:copper_ore":14,"duneons:azure_crystal":1,"minecraft:oak_planks":1,"duneons:wood_stronghold":2,"minecraft:grass":48,"minecraft:coal_ore":63,"minecraft:oak_log":9,"duneons:palmlog":6,"minecraft:sand":6,"minecraft:dirt":3,"minecraft:stone_bricks":2,"minecraft:oak_leaves":9},"minecraft:killed":{"born_in_chaos_v1:restless_spirit":1,"born_in_chaos_v1:maggot":2,"zombie_extreme:revived":1,"minecraft:skeleton":2,"zombie_extreme:clicker":1,"zombie_extreme:ram":1,"zombie_extreme:runner":1,"born_in_chaos_v1:fallen_chaos_knight":1,"minecraft:husk":3,"minecraft:pig":1,"zombie_extreme:boomer":1,"born_in_chaos_v1:baby_skeleton":2,"born_in_chaos_v1:spirit_guide_assistant":1,"minecraft:creeper":2,"duneons:mountaineer":10,"born_in_chaos_v1:decrepit_skeleton":3,"minecraft:pillager":9,"born_in_chaos_v1:dread_hound":3,"minecraft:zombie":5,"born_in_chaos_v1:corpse_fly":1,"zombie_extreme:infected_police":3,"zombie_extreme:assasin_black_ops":2,"minecraft:villager":1,"zombie_extreme:fetus":1,"zombie_extreme:rat_king":1,"minecraft:cow":1,"minecraft:enderman":2},"minecraft:used":{"born_in_chaos_v1:ethereal_spirit":5,"minecraft:chest":1,"zombie_extreme:vodka":1,"minecraft:oak_door":1,"minecraft:torch":13,"minecraft:dirt":25,"minecraft:jungle_planks":98,"duneons:mountaineeraxeiron":21,"minecraft:wooden_axe":16,"duneons:crystalblue":1,"duneons:sanctumstonecutgilded":1,"marbledsarsenal:black_juggernaut_armor_chestplate":3,"epicfight:stone_greatsword":110,"minecraft:furnace":2,"epicfight:skillbook":11,"epicfight:netherite_greatsword":140,"minecraft:stone_pickaxe":29,"minecraft:oak_planks":9,"minecraft:wooden_pickaxe":46,"minecraft:crafting_table":8,"minecraft:crossbow":2,"minecraft:lever":2,"minecraft:melon_slice":3,"minecraft:bread":52,"minecraft:iron_pickaxe":183,"zombie_extreme:syringe_drug":1,"zombie_extreme:baseball_bat":16,"minecraft:stone_axe":69,"minecraft:wooden_sword":34,"minecraft:cobblestone":12,"minecraft:white_banner":1,"marbledsarsenal:olive_juggernaut_armor_chestplate":1},"minecraft:crafted":{"minecraft:wooden_sword":1,"minecraft:oak_door":3,"minecraft:oak_planks":36,"minecraft:furnace":2,"minecraft:chest":1,"minecraft:crafting_table":6,"minecraft:wooden_pickaxe":1,"minecraft:air":0,"minecraft:jungle_planks":136,"minecraft:stick":24,"minecraft:iron_ingot":2,"minecraft:wooden_axe":2,"minecraft:acacia_planks":12,"minecraft:torch":40},"minecraft:dropped":{"minecraft:iron_ingot":1,"minecraft:bread":79,"minecraft:moss_block":3,"duneons:charredgrassblock":2,"minecraft:sandstone_slab":1,"minecraft:black_bed":1,"minecraft:leather":2,"pointblank:ammo9mm":224,"zombie_extreme:rotten_apple":1,"minecraft:emerald":8,"minecraft:dirt":12,"minecraft:red_bed":1,"duneons:wood_stronghold":2,"minecraft:sand":4,"minecraft:string":1,"minecraft:bone":2,"minecraft:raw_copper":1,"minecraft:raw_iron":5,"minecraft:rotten_flesh":18,"pointblank:mp5":1,"minecraft:spruce_trapdoor":1,"born_in_chaos_v1:corpse_maggot":1,"minecraft:sandstone":1,"zombie_extreme:vodka":1,"epicfight:skillbook":2},"minecraft:custom":{"minecraft:mob_kills":64,"minecraft:interact_with_crafting_table":21,"minecraft:damage_dealt_resisted":149,"minecraft:leave_game":5,"minecraft:time_since_death":1532,"minecraft:climb_one_cm":4440,"minecraft:damage_resisted":28,"minecraft:sprint_one_cm":510241,"minecraft:walk_one_cm":474309,"minecraft:drop":48,"minecraft:damage_dealt_absorbed":444,"minecraft:talked_to_villager":2,"minecraft:play_time":98773,"minecraft:deaths":13,"minecraft:sneak_time":3362,"minecraft:walk_under_water_one_cm":5385,"minecraft:jump":2702,"minecraft:interact_with_blast_furnace":1,"minecraft:walk_on_water_one_cm":30436,"minecraft:total_world_time":98773,"minecraft:interact_with_furnace":21,"minecraft:raid_trigger":1,"minecraft:time_since_rest":1560,"minecraft:damage_taken":5779,"minecraft:damage_dealt":14776,"minecraft:swim_one_cm":56531,"minecraft:fly_one_cm":875592,"minecraft:player_kills":2,"minecraft:open_chest":32,"minecraft:crouch_one_cm":19642,"minecraft:fall_one_cm":73134},"minecraft:broken":{"duneons:mountaineeraxeiron":1},"minecraft:killed_by":{"minecraft:player":6,"minecraft:spider":1,"born_in_chaos_v1:spirit_guide":1,"minecraft:pillager":1,"zombie_extreme:assasin_black_ops":1,"mozombies_wave:zombie_pa":1,"born_in_chaos_v1:dread_hound":1,"zombie_extreme:goon":1},"minecraft:picked_up":{"minecraft:wooden_axe":1,"duneons:soggyswamobricks":9,"minecraft:coarse_dirt":4,"minecraft:cocoa_beans":6,"minecraft:crafting_table":6,"minecraft:sandstone_slab":2,"minecraft:chicken":2,"born_in_chaos_v1:seedof_chaos":1,"minecraft:wooden_pickaxe":2,"zombie_extreme:baseball_bat":3,"duneons:ashblock":1,"minecraft:string":8,"minecraft:red_bed":1,"minecraft:raw_copper":104,"minecraft:iron_axe":1,"minecraft:wooden_sword":1,"pointblank:ammo9mm":772,"minecraft:beef":4,"born_in_chaos_v1:gnawed_bones":1,"minecraft:iron_pickaxe":6,"zombie_extreme:oil_shale":2,"minecraft:melon_slice":34,"duneons:sanctumstonecutgilded":1,"zombie_extreme:police_suit_helmet":3,"minecraft:raw_iron":14,"minecraft:stick":12,"minecraft:sandstone":18,"epicfight:netherite_greatsword":7,"minecraft:oak_door":11,"duneons:goldtrabdoor":1,"duneons:corruptedbeaconaold":2,"minecraft:acacia_log":3,"minecraft:torch":108,"minecraft:bowl":1,"minecraft:note_block":12,"epicfight:skillbook":14,"minecraft:porkchop":1,"pointblank:gunmetal_nugget":499,"duneons:sanctumstonepatternedgildedtop":1,"born_in_chaos_v1:pieceofdarkmetal":12,"marbledsarsenal:olive_juggernaut_armor_chestplate":2,"minecraft:orange_bed":2,"minecraft:rotten_flesh":50,"minecraft:arrow":5,"pointblank:mp5":5,"minecraft:sandstone_stairs":1,"zombie_extreme:rotten_apple":3,"minecraft:mutton":8,"minecraft:white_wool":4,"minecraft:cobblestone":232,"zombie_extreme:frying_pan":1,"born_in_chaos_v1:corpse_maggot":12,"duneons:crystalblue":7,"born_in_chaos_v1:monster_flesh":15,"minecraft:jungle_log":20,"minecraft:leather":4,"minecraft:black_bed":5,"minecraft:cut_sandstone":2,"duneons:swampdirt":2,"minecraft:packed_mud":7,"minecraft:oak_log":9,"minecraft:gunpowder":10,"minecraft:dirt":65,"minecraft:white_banner":4,"duneons:thepinkscoundrel":2,"born_in_chaos_v1:monster_skin":18,"born_in_chaos_v1:marigolds":10,"duneons:charredgrassblock":2,"minecraft:bone":44,"minecraft:stone_bricks":4,"minecraft:gray_carpet":1,"minecraft:wheat_seeds":6,"marbledsarsenal:black_juggernaut_armor_chestplate":5,"minecraft:iron_ingot":9,"minecraft:stone_pickaxe":4,"duneons:mountaineeraxeiron":12,"duneons:swampfern":2,"minecraft:moss_block":6,"minecraft:oak_planks":38,"zombie_extreme:syringe_drug":1,"duneons:dungeonscharredcobblestone":1,"epicfight:stone_greatsword":3,"born_in_chaos_v1:ethereal_spirit":16,"born_in_chaos_v1:dark_rod":2,"minecraft:jungle_planks":76,"minecraft:sand":24,"born_in_chaos_v1:fangofthe_hound_leader":2,"duneons:wood_stronghold":2,"zombie_extreme:vodka":3,"minecraft:stone_axe":3,"minecraft:lever":2,"duneons:palmlog":6,"minecraft:crossbow":5,"minecraft:bread":455,"minecraft:emerald":9,"minecraft:rooted_dirt":2,"duneons:keygold":2,"minecraft:coal":197,"duneons:beenestitem":2}},"DataVersion":3465}