{"stats":{"minecraft:crafted":{"minecraft:oak_planks":32,"minecraft:crafting_table":1,"minecraft:furnace":1,"epicfight:stone_greatsword":2,"minecraft:air":0,"minecraft:stick":8,"minecraft:iron_pickaxe":2,"minecraft:iron_ingot":5,"minecraft:torch":4},"minecraft:mined":{"minecraft:red_bed":2,"minecraft:crafting_table":5,"minecraft:grass_block":1,"duneons:sanctumstonepatternedgildedtop":1,"minecraft:jungle_log":14,"minecraft:dead_bush":1,"duneons:azure_crystal":1,"minecraft:sandstone":8,"minecraft:spruce_stairs":1,"minecraft:furnace":1,"minecraft:iron_ore":5,"duneons:windhole":1,"minecraft:black_bed":1,"minecraft:coal_ore":16,"minecraft:vine":1,"duneons:cobwebdig":1,"minecraft:sand":3,"minecraft:dirt":2,"minecraft:white_banner":1,"minecraft:stone":49,"minecraft:oak_leaves":1},"minecraft:used":{"duneons:cobwebdig":1,"epicfight:skillbook":4,"minecraft:stone_pickaxe":79,"minecraft:oak_planks":2,"duneons:windhole":1,"minecraft:chest":2,"zombie_extreme:canned_food":1,"minecraft:sandstone":8,"zombie_extreme:chips":2,"minecraft:torch":7,"minecraft:dirt":3,"minecraft:sand":67,"minecraft:crafting_table":3,"minecraft:red_bed":1,"minecraft:spruce_stairs":1,"minecraft:iron_pickaxe":5,"duneons:crystalblue":1,"born_in_chaos_v1:monster_flesh":1,"minecraft:bread":34,"minecraft:cobblestone":2,"zombie_extreme:syringe_drug":1,"epicfight:stone_greatsword":42,"zombie_extreme:baseball_bat":27,"minecraft:stone_axe":31,"pointblank:workstation":1,"minecraft:furnace":1,"minecraft:white_banner":1,"zombie_extreme:soda":2},"minecraft:picked_up":{"duneons:crystalblue":1,"zombie_extreme:frying_pan":2,"born_in_chaos_v1:corpse_maggot":5,"minecraft:crafting_table":4,"minecraft:sandstone_slab":2,"born_in_chaos_v1:monster_flesh":2,"minecraft:jungle_log":14,"minecraft:black_bed":2,"minecraft:potato":2,"zombie_extreme:pill_anti_hunger":1,"zombie_extreme:baseball_bat":3,"minecraft:oak_log":4,"minecraft:gunpowder":2,"duneons:windhole":1,"minecraft:dirt":9,"minecraft:red_bed":3,"minecraft:white_banner":2,"minecraft:bone":5,"minecraft:bow":1,"pointblank:ammo9mm":669,"minecraft:iron_ingot":3,"minecraft:stone_pickaxe":4,"duneons:mountaineeraxeiron":2,"minecraft:jungle_sapling":1,"minecraft:melon_slice":3,"minecraft:oak_planks":42,"minecraft:furnace":1,"minecraft:raw_iron":10,"zombie_extreme:syringe_drug":2,"minecraft:stick":6,"minecraft:sandstone":9,"minecraft:oak_door":2,"born_in_chaos_v1:ethereal_spirit":1,"minecraft:spruce_stairs":1,"epicfight:skillbook":6,"born_in_chaos_v1:dark_rod":1,"pointblank:gunmetal_nugget":21,"minecraft:sand":24,"minecraft:spider_eye":1,"marbledsarsenal:olive_juggernaut_armor_chestplate":1,"zombie_extreme:vodka":2,"minecraft:cactus":2,"minecraft:arrow":5,"minecraft:rotten_flesh":6,"minecraft:stone_axe":2,"pointblank:mp5":1,"minecraft:bread":154,"minecraft:emerald":14,"zombie_extreme:canned_food":1,"duneons:cobwebdig":1,"minecraft:coal":21,"minecraft:cobblestone":86},"minecraft:killed_by":{"minecraft:player":2,"duneons:mountaineer":1},"minecraft:killed":{"minecraft:husk":4,"zombie_extreme:infected":1,"born_in_chaos_v1:zombie_lumberjack":1,"zombie_extreme:faceless":1,"zombie_extreme:infected_hazmat":1,"minecraft:spider":2,"zombie_extreme:demolisher":1,"minecraft:creeper":3,"duneons:mountaineer":13,"born_in_chaos_v1:decrepit_skeleton":2,"born_in_chaos_v1:maggot":3,"minecraft:skeleton":5,"zombie_extreme:revived":3,"zombie_extreme:clicker":1,"minecraft:pillager":1,"minecraft:zombie":3,"zombie_extreme:goon":1,"born_in_chaos_v1:dread_hound":1,"born_in_chaos_v1:corpse_fly":1,"born_in_chaos_v1:dark_vortex":1,"mozombies_wave:zombie_dwarf":1,"zombie_extreme:assasin_black_ops":4,"zombie_extreme:runner":1},"minecraft:dropped":{"minecraft:oak_door":2,"minecraft:bread":94,"minecraft:stone_axe":1,"born_in_chaos_v1:ethereal_spirit":1,"minecraft:sandstone_slab":1,"minecraft:cobblestone":17,"minecraft:rotten_flesh":4,"minecraft:black_bed":1,"pointblank:ammo9mm":256,"minecraft:stick":6,"zombie_extreme:syringe_drug":1,"minecraft:red_bed":1,"minecraft:gunpowder":2,"minecraft:torch":2,"born_in_chaos_v1:corpse_maggot":2,"zombie_extreme:baseball_bat":2,"minecraft:spider_eye":1,"duneons:mountaineeraxeiron":2,"epicfight:stone_greatsword":1,"minecraft:white_banner":1,"minecraft:arrow":3,"minecraft:bow":1,"minecraft:stone_pickaxe":3,"zombie_extreme:vodka":1,"epicfight:skillbook":10,"born_in_chaos_v1:dark_rod":1,"minecraft:bone":2},"minecraft:custom":{"minecraft:interact_with_furnace":5,"minecraft:mob_kills":55,"minecraft:interact_with_crafting_table":9,"minecraft:open_barrel":2,"minecraft:leave_game":4,"minecraft:time_since_death":23995,"minecraft:climb_one_cm":2540,"minecraft:damage_resisted":28,"minecraft:time_since_rest":24024,"minecraft:sprint_one_cm":291951,"minecraft:damage_taken":2231,"minecraft:walk_one_cm":432597,"minecraft:drop":57,"minecraft:damage_dealt":5808,"minecraft:swim_one_cm":4987,"minecraft:talked_to_villager":15,"minecraft:fly_one_cm":628348,"minecraft:player_kills":1,"minecraft:open_chest":30,"minecraft:crouch_one_cm":623,"minecraft:play_time":72776,"minecraft:deaths":3,"minecraft:sneak_time":268,"minecraft:walk_under_water_one_cm":459,"minecraft:jump":782,"minecraft:walk_on_water_one_cm":10141,"minecraft:total_world_time":72776,"minecraft:fall_one_cm":14510}},"DataVersion":3465}