{"stats":{"minecraft:mined":{"duneons:seabone":1,"duneons:ruingolem_2":1,"duneons:ruingolem_4":1,"minecraft:brewing_stand":1,"duneons:goldbench":1,"minecraft:grass_block":1,"minecraft:decorated_pot":1,"duneons:sanctumstonepatternedgildedtop":1,"minecraft:jungle_log":14,"minecraft:moss_block":1,"duneons:sanctumstonecutgilded":1,"minecraft:sandstone":9,"minecraft:packed_mud":1,"minecraft:furnace":1,"zombie_extreme:ore_lead":1,"minecraft:iron_ore":41,"zombie_extreme:ore_steel":1,"minecraft:deepslate_iron_ore":3,"duneons:cobwebdig":1,"minecraft:vine":1,"minecraft:white_banner":1,"minecraft:stone":54,"minecraft:green_bed":1,"minecraft:orange_bed":1,"minecraft:red_bed":2,"minecraft:crafting_table":5,"minecraft:torch":8,"minecraft:dead_bush":1,"minecraft:copper_ore":7,"minecraft:cobblestone":9,"duneons:azure_crystal":1,"minecraft:oak_planks":4,"minecraft:wall_torch":8,"minecraft:spruce_stairs":1,"duneons:windhole":1,"minecraft:black_bed":1,"minecraft:coal_ore":54,"duneons:sanctumstone":1,"minecraft:sand":5,"minecraft:dirt":2,"minecraft:deepslate":1,"minecraft:gold_ore":6,"minecraft:oak_leaves":1},"minecraft:killed":{"born_in_chaos_v1:zombie_lumberjack":1,"zombie_extreme:night_hunter":1,"zombie_extreme:faceless":1,"zombie_extreme:infected_juggernaut":2,"minecraft:spider":2,"zombie_extreme:demolisher":2,"born_in_chaos_v1:scarlet_persecutor":4,"born_in_chaos_v1:maggot":7,"mozombies_wave:zombie_pa":1,"born_in_chaos_v1:dire_hound_leader":1,"minecraft:skeleton":9,"zombie_extreme:revived":3,"zombie_extreme:clicker":4,"zombie_extreme:goon":2,"minecraft:chicken":1,"duneons:squallgolem":17,"duneons:pigchest":1,"zombie_extreme:ram":2,"minecraft:drowned":1,"zombie_extreme:parasite":1,"zombie_extreme:runner":2,"mozombies_wave:disco_zombie":1,"duneons:cauldron":1,"minecraft:husk":6,"zombie_extreme:boomer":1,"zombie_extreme:infected_military":1,"zombie_extreme:infected":1,"born_in_chaos_v1:baby_skeleton":1,"zombie_extreme:infected_hazmat":1,"born_in_chaos_v1:spirit_guide_assistant":1,"duneons:cauldronslime":10,"zombie_extreme:zero_patient":1,"minecraft:creeper":6,"born_in_chaos_v1:decrepit_skeleton":5,"duneons:mountaineer":52,"minecraft:sheep":1,"zombie_extreme:devestated":2,"minecraft:pillager":19,"born_in_chaos_v1:decaying_zombie":2,"minecraft:zombie":5,"born_in_chaos_v1:dread_hound":5,"born_in_chaos_v1:corpse_fly":2,"born_in_chaos_v1:dark_vortex":1,"zombie_extreme:infected_police":5,"mozombies_wave:zombie_dwarf":3,"zombie_extreme:assasin_black_ops":5,"born_in_chaos_v1:door_knight":1,"zombie_extreme:fetus":1},"minecraft:used":{"duneons:windhole":1,"minecraft:chest":2,"zombie_extreme:canned_food":1,"minecraft:torch":28,"minecraft:dirt":3,"minecraft:jungle_planks":55,"minecraft:spruce_stairs":1,"epicfight:iron_greatsword":201,"minecraft:iron_axe":6,"duneons:crystalblue":1,"epicfight:stone_greatsword":60,"pointblank:workstation":1,"minecraft:furnace":1,"zombie_extreme:soda":2,"duneons:cobwebdig":1,"minecraft:water_bucket":1,"epicfight:skillbook":4,"epicfight:netherite_greatsword":179,"minecraft:stone_pickaxe":79,"minecraft:oak_planks":4,"minecraft:sandstone":10,"zombie_extreme:chips":2,"minecraft:sand":68,"duneons:seabone":1,"minecraft:crafting_table":3,"minecraft:red_bed":1,"minecraft:apple":7,"born_in_chaos_v1:monster_flesh":1,"minecraft:bread":79,"minecraft:iron_pickaxe":130,"zombie_extreme:syringe_drug":1,"zombie_extreme:baseball_bat":27,"minecraft:stone_axe":31,"minecraft:cobblestone":18,"minecraft:white_banner":1,"minecraft:bucket":1,"minecraft:experience_bottle":1},"minecraft:crafted":{"minecraft:oak_planks":32,"minecraft:furnace":1,"minecraft:crafting_table":1,"epicfight:stone_greatsword":2,"minecraft:air":0,"minecraft:jungle_planks":56,"minecraft:stick":8,"minecraft:iron_pickaxe":2,"minecraft:iron_ingot":5,"minecraft:torch":4},"minecraft:dropped":{"minecraft:iron_ingot":4,"minecraft:bread":158,"epicfight:netherite_greatsword":1,"marbledsarsenal:black_juggernaut_armor_chestplate":1,"born_in_chaos_v1:shattered_skull":1,"minecraft:crafting_table":1,"minecraft:sandstone_slab":1,"minecraft:cobblestone":22,"duneons:ashblock":1,"minecraft:black_bed":1,"minecraft:jungle_planks":1,"pointblank:ammo9mm":386,"minecraft:dirt":1,"zombie_extreme:rotten_apple":1,"minecraft:stick":6,"zombie_extreme:syringe_drug":1,"born_in_chaos_v1:monster_flesh":5,"minecraft:packed_mud":1,"minecraft:red_bed":1,"born_in_chaos_v1:monster_skin":8,"minecraft:dark_oak_log":2,"minecraft:torch":71,"zombie_extreme:baseball_bat":2,"duneons:mountaineeraxeiron":2,"epicfight:stone_greatsword":1,"minecraft:sand":4,"minecraft:white_banner":1,"minecraft:iron_axe":1,"minecraft:iron_pickaxe":1,"minecraft:orange_bed":1,"minecraft:skull_pottery_sherd":1,"duneons:swampfern":1,"minecraft:bone":13,"minecraft:oak_door":2,"minecraft:stone_axe":1,"marbledsarsenal:olive_juggernaut_armor_chestplate":1,"minecraft:raw_copper":34,"minecraft:raw_iron":7,"born_in_chaos_v1:ethereal_spirit":1,"minecraft:chicken":1,"minecraft:rotten_flesh":13,"duneons:goldchain":11,"minecraft:oak_planks":5,"duneons:corruptedbeaconaold":1,"duneons:beenestitem":1,"duneons:thepinkscoundrel":1,"zombie_extreme:raw_steel":1,"pointblank:gunmetal_nugget":97,"minecraft:gunpowder":2,"born_in_chaos_v1:fangofthe_hound_leader":2,"born_in_chaos_v1:corpse_maggot":6,"minecraft:spider_eye":1,"zombie_extreme:police_suit_helmet":1,"minecraft:spruce_log":1,"minecraft:sandstone":1,"minecraft:wooden_pickaxe":1,"minecraft:arrow":3,"minecraft:bow":1,"minecraft:stone_pickaxe":3,"born_in_chaos_v1:marigolds":5,"zombie_extreme:vodka":1,"minecraft:brick":3,"epicfight:skillbook":10,"born_in_chaos_v1:dark_rod":1},"minecraft:custom":{"minecraft:interact_with_smithing_table":1,"minecraft:mob_kills":206,"minecraft:interact_with_crafting_table":9,"minecraft:open_barrel":6,"minecraft:damage_dealt_resisted":1323,"minecraft:leave_game":8,"minecraft:time_since_death":34162,"minecraft:climb_one_cm":2540,"minecraft:damage_resisted":28,"minecraft:sprint_one_cm":664870,"minecraft:walk_one_cm":889372,"minecraft:drop":137,"minecraft:damage_dealt_absorbed":3634,"minecraft:talked_to_villager":18,"minecraft:play_time":151108,"minecraft:deaths":6,"minecraft:sneak_time":2271,"minecraft:walk_under_water_one_cm":3511,"minecraft:jump":1939,"minecraft:interact_with_brewingstand":1,"minecraft:walk_on_water_one_cm":30713,"minecraft:total_world_time":151108,"minecraft:interact_with_furnace":6,"minecraft:time_since_rest":34191,"minecraft:damage_taken":4972,"minecraft:damage_dealt":49663,"minecraft:swim_one_cm":31745,"minecraft:fly_one_cm":925044,"minecraft:player_kills":6,"minecraft:open_chest":41,"minecraft:crouch_one_cm":11871,"minecraft:fall_one_cm":40485},"minecraft:killed_by":{"minecraft:player":2,"zombie_extreme:assasin_black_ops":1,"zombie_extreme:infected_police":1,"duneons:tempestgolem":1,"duneons:mountaineer":1},"minecraft:picked_up":{"duneons:beenestitem":1,"minecraft:crafting_table":5,"minecraft:sandstone_slab":2,"minecraft:chicken":1,"duneons:sanctumstone":1,"minecraft:wooden_pickaxe":1,"duneons:goldchain":11,"minecraft:enchanted_book":1,"zombie_extreme:pill_anti_hunger":1,"zombie_extreme:baseball_bat":4,"minecraft:brewing_stand":1,"duneons:sabrewing_bow":1,"minecraft:brick":3,"duneons:windhole":1,"duneons:coin":2,"minecraft:red_bed":3,"duneons:ashblock":1,"minecraft:raw_copper":49,"minecraft:experience_bottle":1,"minecraft:cobbled_deepslate":1,"pointblank:ammo9mm":855,"born_in_chaos_v1:gnawed_bones":1,"minecraft:jungle_sapling":2,"minecraft:iron_pickaxe":1,"minecraft:melon_slice":34,"minecraft:spruce_trapdoor":1,"minecraft:furnace":1,"zombie_extreme:police_suit_helmet":1,"minecraft:stick":6,"minecraft:raw_iron":79,"minecraft:sandstone":14,"born_in_chaos_v1:shattered_skull":1,"duneons:seabone":1,"minecraft:oak_door":2,"duneons:goldtrabdoor":1,"duneons:corruptedbeaconaold":1,"minecraft:torch":83,"minecraft:green_bed":1,"minecraft:porkchop":1,"minecraft:spruce_stairs":1,"epicfight:skillbook":6,"pointblank:gunmetal_nugget":215,"duneons:sanctumstonepatternedgildedtop":1,"minecraft:skull_pottery_sherd":1,"duneons:goldbench":1,"marbledsarsenal:olive_juggernaut_armor_chestplate":1,"minecraft:orange_bed":1,"duneons:moondagger":1,"minecraft:rotten_flesh":17,"minecraft:arrow":8,"minecraft:cactus":2,"zombie_extreme:rotten_apple":2,"pointblank:mp5":2,"duneons:goatgear_chestplate":1,"minecraft:cobblestone":106,"zombie_extreme:frying_pan":2,"born_in_chaos_v1:corpse_maggot":12,"duneons:crystalblue":1,"minecraft:feather":1,"duneons:sanctumstonepatternedgilded":1,"born_in_chaos_v1:monster_flesh":8,"minecraft:jungle_log":28,"minecraft:black_bed":2,"minecraft:potato":2,"minecraft:packed_mud":1,"minecraft:oak_log":7,"minecraft:gunpowder":2,"minecraft:dirt":10,"duneons:golemruin":2,"zombie_extreme:raw_steel":2,"minecraft:white_banner":2,"zombie_extreme:raw_lead":1,"duneons:thepinkscoundrel":1,"born_in_chaos_v1:monster_skin":9,"born_in_chaos_v1:marigolds":5,"minecraft:bone":24,"minecraft:bow":1,"marbledsarsenal:black_juggernaut_armor_chestplate":1,"minecraft:raw_gold":12,"minecraft:stone_pickaxe":4,"minecraft:iron_ingot":12,"minecraft:dark_oak_sign":1,"duneons:mountaineeraxeiron":5,"duneons:swampfern":1,"minecraft:oak_planks":47,"zombie_extreme:syringe_drug":2,"born_in_chaos_v1:ethereal_spirit":3,"duneons:goldblockchiseledslab":1,"minecraft:jungle_planks":3,"duneons:powerfulbow":1,"minecraft:sand":29,"born_in_chaos_v1:dark_rod":1,"born_in_chaos_v1:fangofthe_hound_leader":2,"minecraft:spruce_log":1,"minecraft:dark_oak_log":2,"minecraft:spider_eye":1,"zombie_extreme:vodka":2,"minecraft:stone_axe":2,"duneons:featherblue":1,"minecraft:emerald":24,"minecraft:bread":159,"zombie_extreme:canned_food":1,"duneons:cobwebdig":1,"minecraft:coal":126}},"DataVersion":3465}