{"stats":{"minecraft:used":{"minecraft:calcite":2,"extraweapons:netherite_multi_tool":3,"minecraft:flint_and_steel":2,"minecraft:iron_axe":29,"minecraft:bread":1,"minecraft:chest":3,"minecraft:gravel":3,"extraweapons:netherite_excavator":4,"marbledsarsenal:machete":16,"minecraft:golden_apple":1,"minecraft:tnt":14,"extraweapons:netherite_destroyer":36},"minecraft:killed":{"minecraft:sheep":2,"born_in_chaos_v1:dread_hound":1,"zombie_extreme:boomer":1,"minecraft:salmon":6,"born_in_chaos_v1:corpse_fish":4,"zombie_extreme:parasite":1,"minecraft:creeper":2,"born_in_chaos_v1:zombie_bruiser":1,"duneons:mountaineer":6,"born_in_chaos_v1:maggot":4},"minecraft:custom":{"minecraft:time_since_rest":15631,"minecraft:sprint_one_cm":47678,"minecraft:walk_one_cm":102911,"minecraft:damage_taken":338,"minecraft:damage_absorbed":28,"minecraft:mob_kills":29,"minecraft:damage_dealt":1019,"minecraft:swim_one_cm":1424,"minecraft:fly_one_cm":94185,"minecraft:open_chest":13,"minecraft:crouch_one_cm":754,"minecraft:play_time":26699,"minecraft:deaths":1,"minecraft:sneak_time":473,"minecraft:walk_under_water_one_cm":16564,"minecraft:jump":210,"minecraft:leave_game":2,"minecraft:walk_on_water_one_cm":8556,"minecraft:time_since_death":15599,"minecraft:total_world_time":26699,"minecraft:fall_one_cm":2859},"minecraft:mined":{"minecraft:blackstone":2,"minecraft:iron_ore":1,"minecraft:spruce_log":21,"minecraft:andesite":11,"minecraft:calcite":12,"minecraft:gravel":8,"minecraft:smooth_basalt":2,"minecraft:spruce_leaves":9,"minecraft:stone":6},"minecraft:picked_up":{"minecraft:raw_iron":1,"minecraft:smooth_basalt":26,"minecraft:andesite":122,"zombie_extreme:raw_tin":4,"minecraft:gravel":25,"minecraft:flint":2,"minecraft:spruce_log":21,"minecraft:gunpowder":2,"zombie_extreme:raw_steel":3,"minecraft:raw_copper":15,"minecraft:blackstone":28,"minecraft:red_sand":10,"minecraft:bone_meal":1,"minecraft:yellow_terracotta":2,"minecraft:calcite":51,"minecraft:mutton":3,"minecraft:white_wool":1,"minecraft:cobblestone":82}},"DataVersion":3465}