{"stats":{"minecraft:killed":{"born_in_chaos_v1:zombie_lumberjack":1,"zombie_extreme:night_hunter":1,"zombie_extreme:faceless":1,"minecraft:spider":2,"zombie_extreme:demolisher":1,"born_in_chaos_v1:maggot":3,"minecraft:skeleton":6,"zombie_extreme:revived":3,"zombie_extreme:clicker":2,"zombie_extreme:goon":1,"minecraft:drowned":1,"zombie_extreme:parasite":1,"zombie_extreme:runner":1,"minecraft:husk":4,"zombie_extreme:infected":1,"zombie_extreme:infected_hazmat":1,"zombie_extreme:zero_patient":1,"minecraft:creeper":5,"born_in_chaos_v1:decrepit_skeleton":2,"duneons:mountaineer":13,"zombie_extreme:devestated":1,"minecraft:pillager":1,"minecraft:zombie":4,"born_in_chaos_v1:dread_hound":1,"born_in_chaos_v1:corpse_fly":1,"born_in_chaos_v1:dark_vortex":1,"mozombies_wave:zombie_dwarf":3,"zombie_extreme:assasin_black_ops":5},"minecraft:dropped":{"minecraft:bread":94,"minecraft:sandstone_slab":1,"minecraft:cobblestone":17,"minecraft:black_bed":1,"pointblank:ammo9mm":256,"minecraft:stick":6,"zombie_extreme:syringe_drug":1,"minecraft:red_bed":1,"minecraft:torch":2,"zombie_extreme:baseball_bat":2,"duneons:mountaineeraxeiron":2,"epicfight:stone_greatsword":1,"minecraft:white_banner":1,"minecraft:bone":2,"minecraft:oak_door":2,"minecraft:stone_axe":1,"minecraft:raw_copper":6,"born_in_chaos_v1:ethereal_spirit":1,"minecraft:rotten_flesh":4,"minecraft:gunpowder":2,"born_in_chaos_v1:corpse_maggot":2,"minecraft:spider_eye":1,"minecraft:bow":1,"minecraft:arrow":3,"minecraft:stone_pickaxe":3,"zombie_extreme:vodka":1,"epicfight:skillbook":10,"born_in_chaos_v1:dark_rod":1},"minecraft:picked_up":{"minecraft:crafting_table":4,"minecraft:sandstone_slab":2,"zombie_extreme:pill_anti_hunger":1,"zombie_extreme:baseball_bat":4,"duneons:windhole":1,"minecraft:red_bed":3,"minecraft:raw_copper":21,"pointblank:ammo9mm":727,"minecraft:jungle_sapling":2,"minecraft:iron_pickaxe":1,"minecraft:melon_slice":3,"minecraft:furnace":1,"minecraft:stick":6,"minecraft:raw_iron":72,"minecraft:sandstone":9,"minecraft:oak_door":2,"minecraft:torch":7,"minecraft:spruce_stairs":1,"epicfight:skillbook":6,"pointblank:gunmetal_nugget":38,"marbledsarsenal:olive_juggernaut_armor_chestplate":1,"minecraft:rotten_flesh":8,"minecraft:arrow":8,"minecraft:cactus":2,"pointblank:mp5":2,"minecraft:cobblestone":91,"zombie_extreme:frying_pan":2,"born_in_chaos_v1:corpse_maggot":6,"duneons:crystalblue":1,"born_in_chaos_v1:monster_flesh":2,"minecraft:jungle_log":28,"minecraft:black_bed":2,"minecraft:potato":2,"minecraft:oak_log":7,"minecraft:gunpowder":2,"minecraft:dirt":9,"duneons:golemruin":2,"zombie_extreme:raw_steel":2,"minecraft:white_banner":2,"zombie_extreme:raw_lead":1,"minecraft:bone":10,"minecraft:bow":1,"minecraft:raw_gold":12,"minecraft:stone_pickaxe":4,"minecraft:iron_ingot":3,"duneons:mountaineeraxeiron":2,"minecraft:oak_planks":42,"zombie_extreme:syringe_drug":2,"born_in_chaos_v1:ethereal_spirit":1,"minecraft:sand":24,"born_in_chaos_v1:dark_rod":1,"minecraft:spider_eye":1,"zombie_extreme:vodka":2,"minecraft:stone_axe":2,"minecraft:emerald":23,"minecraft:bread":159,"zombie_extreme:canned_food":1,"duneons:cobwebdig":1,"minecraft:coal":126},"minecraft:killed_by":{"minecraft:player":2,"zombie_extreme:assasin_black_ops":1,"duneons:mountaineer":1},"minecraft:used":{"duneons:windhole":1,"minecraft:chest":2,"zombie_extreme:canned_food":1,"minecraft:torch":12,"minecraft:dirt":3,"minecraft:jungle_planks":55,"minecraft:spruce_stairs":1,"duneons:crystalblue":1,"epicfight:stone_greatsword":60,"pointblank:workstation":1,"minecraft:furnace":1,"zombie_extreme:soda":2,"duneons:cobwebdig":1,"epicfight:skillbook":4,"minecraft:stone_pickaxe":79,"minecraft:oak_planks":4,"minecraft:sandstone":8,"zombie_extreme:chips":2,"minecraft:sand":67,"minecraft:crafting_table":3,"minecraft:red_bed":1,"born_in_chaos_v1:monster_flesh":1,"minecraft:bread":41,"minecraft:iron_pickaxe":96,"zombie_extreme:syringe_drug":1,"zombie_extreme:baseball_bat":27,"minecraft:stone_axe":31,"minecraft:cobblestone":10,"minecraft:white_banner":1},"minecraft:mined":{"duneons:ruingolem_2":1,"duneons:ruingolem_4":1,"minecraft:grass_block":1,"duneons:sanctumstonepatternedgildedtop":1,"minecraft:jungle_log":14,"minecraft:sandstone":8,"minecraft:furnace":1,"zombie_extreme:ore_lead":1,"minecraft:iron_ore":37,"zombie_extreme:ore_steel":1,"duneons:cobwebdig":1,"minecraft:vine":1,"minecraft:white_banner":1,"minecraft:stone":52,"minecraft:red_bed":2,"minecraft:crafting_table":5,"minecraft:torch":2,"minecraft:dead_bush":1,"minecraft:copper_ore":5,"minecraft:cobblestone":2,"duneons:azure_crystal":1,"minecraft:wall_torch":4,"minecraft:spruce_stairs":1,"duneons:windhole":1,"minecraft:black_bed":1,"minecraft:coal_ore":54,"minecraft:sand":3,"minecraft:dirt":2,"minecraft:gold_ore":6,"minecraft:oak_leaves":1},"minecraft:custom":{"minecraft:mob_kills":68,"minecraft:interact_with_crafting_table":9,"minecraft:open_barrel":2,"minecraft:leave_game":7,"minecraft:time_since_death":7189,"minecraft:climb_one_cm":2540,"minecraft:damage_resisted":28,"minecraft:sprint_one_cm":338905,"minecraft:walk_one_cm":530141,"minecraft:drop":63,"minecraft:talked_to_villager":15,"minecraft:play_time":98940,"minecraft:deaths":4,"minecraft:sneak_time":1658,"minecraft:walk_under_water_one_cm":2384,"minecraft:jump":1067,"minecraft:walk_on_water_one_cm":29388,"minecraft:total_world_time":98940,"minecraft:interact_with_furnace":5,"minecraft:time_since_rest":7254,"minecraft:damage_taken":2808,"minecraft:damage_dealt":7228,"minecraft:swim_one_cm":26028,"minecraft:fly_one_cm":659939,"minecraft:player_kills":1,"minecraft:open_chest":30,"minecraft:crouch_one_cm":9895,"minecraft:fall_one_cm":17875},"minecraft:crafted":{"minecraft:oak_planks":32,"minecraft:furnace":1,"minecraft:crafting_table":1,"epicfight:stone_greatsword":2,"minecraft:air":0,"minecraft:jungle_planks":56,"minecraft:stick":8,"minecraft:iron_pickaxe":2,"minecraft:iron_ingot":5,"minecraft:torch":4}},"DataVersion":3465}