{
  "minecraft:recipes/decorations/crafting_table": {
    "criteria": {
      "unlock_right_away": "2024-05-13 20:13:52 +0000"
    },
    "done": true
  },
  "minecraft:adventure/adventuring_time": {
    "criteria": {
      "minecraft:old_growth_pine_taiga": "2024-05-13 20:13:53 +0000",
      "minecraft:birch_forest": "2024-05-13 20:19:05 +0000",
      "minecraft:dark_forest": "2024-05-13 20:19:04 +0000",
      "minecraft:river": "2024-05-13 20:18:37 +0000",
      "minecraft:jungle": "2024-05-13 20:20:11 +0000",
      "minecraft:old_growth_spruce_taiga": "2024-05-13 20:18:39 +0000"
    },
    "done": false
  },
  "DataVersion": 3465
}