{
	"level_seeds": [
		{
			"dim": "minecraft:the_end",
			"seed": -7249381141281583383
		},
		{
			"dim": "minecraft:overworld",
			"seed": -7249381141281583383
		},
		{
			"dim": "twilightforest:twilight_forest",
			"seed": -7249381141281583383
		},
		{
			"dim": "minecraft:the_nether",
			"seed": -7249381141281583383
		}
	],
	"structure_seeds": [
		{
			"dim": "minecraft:the_end",
			"seed": -7249381141281583383
		},
		{
			"dim": "minecraft:overworld",
			"seed": -7249381141281583383
		},
		{
			"dim": "twilightforest:twilight_forest",
			"seed": -7249381141281583383
		},
		{
			"dim": "minecraft:the_nether",
			"seed": -7249381141281583383
		}
	]
}